1,11,北海道,札幌市
2,11,北海道,北広島市
3,11,北海道,空知郡
4,11,北海道,江別市
5,123,北海道,千歳市
6,123,北海道,恵庭市
7,123,北海道,夕張市
8,123,北海道,夕張市
9,123,北海道,夕張郡
10,124,北海道,芦別市
11,125,北海道,赤平市
12,125,北海道,歌志内市
13,125,北海道,砂川市
14,125,北海道,滝川市
15,125,北海道,雨竜郡
16,125,北海道,樺戸郡
17,125,北海道,空知郡
18,126,北海道,岩見沢市
19,126,北海道,美唄市
20,126,北海道,石狩郡
21,126,北海道,樺戸郡
22,1267,北海道,岩見沢市
23,1267,北海道,三笠市
24,133,北海道,石狩郡
25,135,北海道,積丹郡
26,135,北海道,余市郡
27,135,北海道,古平郡
28,135,北海道,古宇郡
29,135,北海道,岩内郡
30,136,北海道,虻田郡
31,136,北海道,磯谷郡
32,136,北海道,寿都郡
33,136,北海道,島牧郡
34,1372,北海道,茅部郡
35,1374,北海道,茅部郡
36,137,北海道,二海郡
37,1377,北海道,山越郡
38,137,北海道,瀬棚郡
39,137,北海道,久遠郡
40,138,北海道,北斗市
41,138,北海道,函館市
42,138,北海道,亀田郡
43,1392,北海道,上磯郡
44,139,北海道,松前郡
45,139,北海道,檜山郡
46,139,北海道,爾志郡
47,1397,北海道,奥尻郡
48,1398,北海道,二海郡
49,1398,北海道,久遠郡
50,142,北海道,虻田郡
51,142,北海道,有珠郡
52,142,北海道,伊達市
53,143,北海道,室蘭市
54,143,北海道,登別市
55,144,北海道,白老郡
56,144,北海道,苫小牧市
57,145,北海道,勇払郡
58,145,北海道,勇払郡
59,146,北海道,沙流郡
60,146,北海道,沙流郡
61,146,北海道,浦河郡
62,146,北海道,様似郡
63,146,北海道,新冠郡
64,146,北海道,日高郡
65,1466,北海道,幌泉郡
66,152,北海道,網走市
67,152,北海道,北見市
68,152,北海道,斜里郡
69,152,北海道,網走郡
70,152,北海道,北見市
71,152,北海道,網走郡
72,153,北海道,厚岸郡
73,153,北海道,根室市
74,153,北海道,野付郡
75,153,北海道,標津郡
76,154,北海道,釧路市
77,154,北海道,阿寒郡
78,154,北海道,釧路群
79,1547,北海道,釧路市
80,1547,北海道,白糠郡
81,15,北海道,川上郡
82,155,北海道,帯広市
83,155,北海道,河西郡
84,155,北海道,河東郡
85,155,北海道,中川郡
86,15,北海道,十勝郡
87,15,北海道,中川郡
88,15,北海道,釧路郡
89,1558,北海道,中川郡
90,1558,北海道,広尾郡
91,156,北海道,足寄郡
92,156,北海道,中川郡
93,1564,北海道,河東郡
94,156,北海道,河東郡
95,156,北海道,上川郡
96,157,北海道,北見市
97,157,北海道,常呂郡
98,158,北海道,紋別市
99,158,北海道,紋別郡
100,158,北海道,紋別郡
101,1586,北海道,紋別郡
102,1587,北海道,常呂郡
103,158,北海道,紋別郡
104,158,北海道,紋別郡
105,158,北海道,紋別郡
106,162,北海道,稚内市
107,162,北海道,天塩郡
108,1632,北海道,天塩郡
109,1634,北海道,枝幸郡
110,1634,北海道,枝幸郡
111,1635,北海道,宗谷郡
112,163,北海道,枝幸郡
113,163,北海道,利尻郡
114,163,北海道,礼文郡
115,164,北海道,留萌市
116,164,北海道,増毛郡
117,164,北海道,深川市
118,164,北海道,雨竜郡
119,164,北海道,苫前郡
120,1648,北海道,苫前郡
121,165,北海道,士別市
122,165,北海道,雨竜郡
123,165,北海道,上川郡
124,1654,北海道,名寄市
125,1655,北海道,名寄市
126,1655,北海道,上川郡
127,1656,北海道,中川郡
128,1658,北海道,上川郡
129,1658,北海道,上川郡
130,166,北海道,旭川市
131,166,北海道,上川郡
132,167,北海道,富良野市
133,167,北海道,空知郡
134,167,北海道,勇払郡
135,172,青森県,青森市
136,172,青森県,黒石市
137,172,青森県,平川市
138,172,青森県,弘前市
139,172,青森県,北津軽郡
140,172,青森県,中津軽郡
141,172,青森県,南津軽郡
142,173,青森県,五所川原市
143,173,青森県,つがる市
144,173,青森県,北津軽郡
145,173,青森県,西津軽郡
146,174,青森県,東津軽郡
147,175,青森県,むつ市
148,175,青森県,下北郡
149,175,青森県,上北郡
150,176,青森県,上北郡
151,176,青森県,十和田市
152,176,青森県,三沢市
153,17,青森県,青森市
154,17,青森県,東津軽郡
155,178,青森県,八戸市
156,178,青森県,上北郡
157,178,青森県,三戸群
158,179,青森県,三戸郡
159,182,秋田県,横手市
160,182,秋田県,雄勝郡
161,182,秋田県,上北郡
162,183,秋田県,湯沢市
163,183,秋田県,雄勝郡
164,184,秋田県,にかほ市
165,184,秋田県,由利本荘市
166,184,秋田県,三戸郡
167,185,秋田県,男鹿市
168,185,秋田県,南秋田郡
169,185,秋田県,能代市
170,185,秋田県,山本郡
171,185,秋田県,仙北郡
172,186,秋田県,鹿角市
173,186,秋田県,鹿角郡
174,186,秋田県,大館市
175,186,秋田県,北秋田市
176,186,秋田県,北秋田郡
177,187,秋田県,大仙市
178,187,秋田県,潟上市
179,187,秋田県,南秋田郡
180,187,秋田県,仙北市
181,187,秋田県,大仙市
182,18,秋田県,仙北市
183,18,秋田県,大仙市
184,18,秋田県,潟上市
185,18,秋田県,南秋田郡
186,191,岩手県,一関市
187,191,岩手県,西磐井郡
188,192,岩手県,大船渡市
189,192,岩手県,陸前高田市
190,192,岩手県,気仙群
191,193,岩手県,宮古市
192,193,岩手県,下閉伊郡
193,193,岩手県,釜石市
194,193,岩手県,上閉伊郡
195,194,岩手県,久慈市
196,194,岩手県,九戸郡
197,194,岩手県,下閉伊郡
198,195,岩手県,八幡平市
199,195,岩手県,岩手郡
200,195,岩手県,岩手郡
201,195,岩手県,二戸市
202,195,岩手県,九戸郡
203,195,岩手県,二戸郡
204,19,岩手県,滝沢市
205,19,岩手県,盛岡市
206,19,岩手県,岩手郡
207,19,岩手県,紫波郡
208,197,岩手県,奥州市
209,197,岩手県,胆沢郡
210,197,岩手県,北上市
211,197,岩手県,和賀郡
212,198,岩手県,花巻市
213,198,岩手県,遠野市
214,198,岩手県,紫波郡
215,22,宮城県,塩竈市
216,220,宮城県,登米市
217,223,宮城県,岩沼市
218,224,宮城県,角田市
219,224,宮城県,白石市
220,225,宮城県,石巻市
221,226,宮城県,気仙沼市
222,228,宮城県,栗原市
223,229,宮城県,大崎市
224,233,山形県,新庄市
225,234,山形県,酒田市
226,235,山形県,鶴岡市
227,23,山形県,上山市
228,237,山形県,寒河江市
229,237,山形県,尾花沢市
230,238,山形県,南陽市
231,238,山形県,長井市
232,240,福島県,双葉郡
233,241,福島県,喜多方市
234,241,福島県,南会津郡
235,241,福島県,南会津郡
236,241,福島県,喜多方市
237,242,福島県,会津若松市
238,243,福島県,二本松市
239,244,福島県,相馬市
240,24,福島県,伊達市
241,246,福島県,いわき市
242,247,福島県,石川郡
243,247,福島県,田村市
244,248,福島県,須賀川市
245,248,福島県,白河市
246,24,福島県,郡山市
247,25,新潟県,新潟市
248,25,新潟県,北蒲原郡
249,250,新潟県,阿賀野市
250,250,新潟県,五泉市
251,250,新潟県,新潟市
252,254,新潟県,新発田市
253,254,新潟県,胎内市
254,254,新潟県,北蒲原郡
255,254,新潟県,村上市
256,254,新潟県,岩船郡
257,254,新潟県,東蒲原郡
258,25,新潟県,上越市
259,255,新潟県,上越市
260,255,新潟県,妙高市
261,25,新潟県,糸魚川市
262,25,新潟県,上越市
263,25,新潟県,十日町市
264,256,新潟県,燕市
265,256,新潟県,西蒲原郡
266,256,新潟県,加茂市
267,256,新潟県,燕市
268,256,新潟県,三条市
269,256,新潟県,南蒲原郡
270,25,新潟県,十日町市
271,25,新潟県,中魚沼郡
272,257,新潟県,柏崎市
273,257,新潟県,刈羽郡
274,25,新潟県,南魚沼市
275,25,新潟県,南魚沼郡
276,25,新潟県,魚沼市
277,258,新潟県,小千谷市
278,258,新潟県,長岡市
279,258,新潟県,見附市
280,258,新潟県,三島郡
281,259,新潟県,佐渡市
282,260,長野県,飯田市
283,261,長野県,大町市
284,261,長野県,北安曇郡
285,26,長野県,須坂市
286,26,長野県,千曲市
287,26,長野県,長野市
288,26,長野県,上高井郡
289,26,長野県,上水内郡
290,263,長野県,安曇野市
291,263,長野県,塩尻市
292,263,長野県,松本市
293,263,長野県,東筑摩郡
294,264,長野県,塩尻市
295,264,長野県,木曽郡
296,265,長野県,伊那市
297,265,長野県,駒ヶ根市
298,265,長野県,上伊那郡
299,265,長野県,飯田市
300,265,長野県,下伊那郡
301,266,長野県,岡谷市
302,266,長野県,諏訪市
303,266,長野県,茅野市
304,266,長野県,上伊那郡
305,266,長野県,諏訪郡
306,267,長野県,小諸市
307,267,長野県,北佐久郡
308,267,長野県,佐久市
309,267,長野県,北佐久郡
310,267,長野県,南佐久郡
311,268,長野県,上田市
312,268,長野県,東御市
313,269,長野県,中野市
314,269,長野県,下高井郡
315,269,長野県,飯山市
316,269,長野県,下高井郡
317,269,長野県,下水内郡
318,270,群馬県,佐波郡
319,270,群馬県,伊勢崎市
320,27,群馬県,前橋市
321,27,群馬県,安中市
322,27,群馬県,高崎市
323,274,群馬県,富岡市
324,274,群馬県,甘楽郡
325,274,群馬県,高崎市
326,274,群馬県,藤岡市
327,274,群馬県,多野郡
328,274,埼玉県,児玉郡
329,276,群馬県,太田市
330,276,群馬県,館林市
331,276,群馬県,邑楽郡
332,276,埼玉県,熊谷市
333,277,群馬県,太田市
334,277,群馬県,桐生市
335,277,群馬県,みどり市
336,278,群馬県,沼田市
337,278,群馬県,利根郡
338,279,群馬県,渋川市
339,279,群馬県,吾妻郡
340,279,群馬県,北群
341,279,群馬県,馬郡
342,279,群馬県,吾妻郡
343,280,茨城県,古河市
344,280,茨城県,坂東市
345,280,茨城県,猿島郡
346,280,埼玉県,加須市
347,280,栃木県,小山市
348,280,栃木県,下都賀郡
349,282,栃木県,小山市
350,282,栃木県,栃木市
351,282,栃木県,下都賀郡
352,283,栃木県,佐野市
353,284,群馬県,太田市
354,284,群馬県,市場町
355,285,栃木県,真岡市
356,285,栃木県,芳賀郡
357,285,栃木県,小山市
358,285,栃木県,下野市
359,285,栃木県,河内郡
360,28,栃木県,宇都宮市
361,28,栃木県,さくら市、
362,28,栃木県,塩谷郡
363,28,栃木県,芳賀郡
364,287,栃木県,那須塩原市
365,287,栃木県,那須郡
366,287,栃木県,大田原市
367,287,栃木県,那須塩原市
368,287,栃木県,矢板市
369,287,栃木県,塩谷郡
370,287,栃木県,那須烏山市
371,287,栃木県,那須郡
372,288,栃木県,日光市
373,289,栃木県,鹿沼市
374,291,茨城県,行方市
375,291,茨城県,鉾田市
376,29,茨城県,那珂市
377,29,茨城県,ひたちなか市
378,29,茨城県,水戸市
379,29,茨城県,那珂郡
380,29,茨城県,東茨城郡
381,293,茨城県,北茨城市
382,293,茨城県,高萩市
383,294,茨城県,日立市
384,294,茨城県,常陸太田市
385,295,茨城県,常陸大宮市
386,295,茨城県,久慈郡
387,296,茨城県,笠間市
388,296,茨城県,東茨城郡
389,296,茨城県,桜川市
390,296,茨城県,下妻市
391,296,茨城県,筑西市
392,296,茨城県,結城市
393,296,茨城県,結城郡
394,296,茨城県,栃木県
395,297,茨城県,稲敷市
396,297,茨城県,取手市
397,297,茨城県,龍ヶ崎市
398,297,茨城県,稲敷郡
399,297,茨城県,北相馬郡
400,297,茨城県,常総市
401,297,茨城県,つくばみらい市
402,297,茨城県,坂東市
403,297,茨城県,守谷市
404,29,茨城県,稲敷市
405,29,茨城県,牛久市
406,29,茨城県,かすみがうら市
407,29,茨城県,つくば市
408,29,茨城県,土浦市
409,29,茨城県,稲敷郡
410,299,茨城県,石岡市
411,299,茨城県,小美玉市
412,299,茨城県,笠間市
413,299,茨城県,稲敷市
414,299,茨城県,潮来市
415,299,茨城県,鹿嶋市
416,299,茨城県,神栖市
417,3,東京都,２３区
418,3,東京都,狛江市
419,3,東京都,調布市
420,3,東京都,三鷹市
421,3,東京都,中原一丁目
422,422,東京都,小金井市
423,422,東京都,調布市
424,422,東京都,西東京市
425,422,東京都,新町
426,422,東京都,三鷹市
427,422,東京都,武蔵野市
428,42,東京都,稲城市
429,42,東京都,東村山市
430,42,東京都,府中市
431,42,東京都,小金井市
432,42,東京都,小平市
433,42,東京都,多摩市
434,42,東京都,清瀬市
435,42,東京都,小平市
436,42,東京都,狛江市
437,42,東京都,西和泉
438,42,東京都,調布市
439,42,東京都,西東京市
440,42,東京都,東久留米市
441,42,東京都,府中市
442,42,東京都,昭島市
443,42,東京都,あきる野市
444,42,東京都,国立市
445,42,東京都,国分寺市
446,42,東京都,羽村市
447,42,東京都,東大和市
448,42,東京都,日野市
449,42,東京都,府中市
450,42,東京都,武蔵村山市
451,42,東京都,西多摩郡
452,42,東京都,立川市
453,42,東京都,福生市
454,42,東京都,八王子市
455,42,東京都,町田市
456,42,神奈川県,相模原市
457,42,神奈川県,座間市
458,428,東京都,西多摩郡
459,428,東京都,青梅市
460,4,埼玉県,入間市
461,4,埼玉県,狭山市
462,4,埼玉県,所沢市
463,42,埼玉県,飯能市
464,42,埼玉県,日高市
465,43,千葉県,佐倉市
466,43,千葉県,千葉市
467,43,千葉県,八街市
468,43,千葉県,四街道市
469,43,千葉県,印旛郡
470,436,千葉県,市原市
471,438,千葉県,木更津市
472,438,千葉県,袖ヶ浦市
473,439,千葉県,君津市
474,439,千葉県,富津市
475,44,神奈川県,川崎市
476,44,東京都,町田市
477,45,神奈川県,横浜市
478,460,神奈川県,足柄下郡
479,460,神奈川県,箱根町
480,460,静岡県,裾野市
481,46,神奈川県,厚木市
482,46,神奈川県,海老名市
483,46,神奈川県,相模原市
484,46,神奈川県,座間市
485,46,神奈川県,大和市
486,463,神奈川県,伊勢原市
487,463,神奈川県,秦野市
488,463,神奈川県,平塚市
489,463,神奈川県,中郡
490,465,神奈川県,小田原市
491,465,神奈川県,南足柄市
492,465,神奈川県,足柄上郡
493,465,神奈川県,足柄下郡
494,465,静岡県,熱海市
495,466,神奈川県,藤沢市
496,467,神奈川県,綾瀬市
497,467,神奈川県,鎌倉市
498,467,神奈川県,逗子市
499,467,神奈川県,茅ヶ崎市
500,467,神奈川県,高座郡
501,46,神奈川県,逗子市
502,46,神奈川県,三浦市
503,46,神奈川県,横須賀市
504,46,神奈川県,三浦郡
505,470,千葉県,館山市
506,470,千葉県,南房総市
507,470,千葉県,安房郡
508,470,千葉県,いすみ市
509,470,千葉県,勝浦市
510,470,千葉県,夷隅郡
511,4,千葉県,鴨川市
512,4,千葉県,我孫子市
513,4,千葉県,柏市
514,4,千葉県,流山市
515,4,千葉県,野田市
516,47,千葉県,市川市
517,47,千葉県,浦安市
518,47,千葉県,鎌ヶ谷市
519,47,千葉県,船橋市
520,47,千葉県,松戸市
521,47,千葉県,鎌ヶ谷市
522,47,千葉県,千葉市花見川区
523,47,千葉県,習志野市
524,47,千葉県,船橋市
525,47,千葉県,八千代市
526,47,千葉県,白井市
527,475,千葉県,大網白里市
528,475,千葉県,東金市
529,475,千葉県,山武市
530,475,千葉県,山武郡九十九里町
531,475,千葉県,茂原市
532,475,千葉県,長生郡
533,476,千葉県,印西市
534,476,千葉県,富里市
535,476,千葉県,成田市
536,476,千葉県,印旛郡
537,478,千葉県,香取市
538,478,千葉県,香取郡
539,479,茨城県,神栖市
540,479,千葉県,旭市
541,479,千葉県,山武市松尾町
542,479,千葉県,匝瑳市
543,479,千葉県,香取郡多古町
544,479,千葉県,山武郡
545,48,埼玉県,上尾市
546,48,埼玉県,桶川市
547,48,埼玉県,春日部市
548,48,埼玉県,さいたま市
549,48,埼玉県,蓮田市
550,48,埼玉県,北足立郡
551,48,埼玉県,朝霞市
552,48,埼玉県,川口市
553,48,埼玉県,志木市
554,48,埼玉県,戸田市
555,48,埼玉県,新座市
556,48,埼玉県,富士見市
557,48,埼玉県,和光市
558,48,埼玉県,蕨市
559,480,埼玉県,加須市
560,480,埼玉県,久喜市
561,480,埼玉県,幸手市
562,480,埼玉県,白岡市
563,480,埼玉県,北葛飾郡杉戸町
564,480,埼玉県,南埼玉郡
565,48,埼玉県,北本市
566,48,埼玉県,行田市
567,48,埼玉県,熊谷市
568,48,埼玉県,鴻巣市
569,48,埼玉県,羽生市
570,48,埼玉県,深谷市
571,48,埼玉県,大里郡
572,48,埼玉県,越谷市
573,48,埼玉県,草加市
574,48,埼玉県,三郷市
575,48,埼玉県,八潮市
576,48,埼玉県,吉川市
577,48,埼玉県,北葛飾郡
578,49,埼玉県,川越市
579,49,埼玉県,坂戸市
580,49,埼玉県,鶴ヶ島市
581,49,埼玉県,富士見市
582,49,埼玉県,ふじみ野市
583,49,埼玉県,入間郡
584,49,埼玉県,比企郡
585,493,埼玉県,熊谷市
586,493,埼玉県,東松山市
587,493,埼玉県,秩父郡東秩父村
588,493,埼玉県,比企郡
589,494,埼玉県,秩父市
590,494,埼玉県,秩父郡
591,495,埼玉県,本庄市
592,495,埼玉県,児玉郡
593,4992,東京都,大島町
594,4992,東京都,神津島村
595,4992,東京都,利島村
596,4992,東京都,新島村
597,4994,東京都,御蔵島村
598,4994,東京都,三宅村
600,4996,東京都,青ヶ島村
601,4996,東京都,八丈町
602,4998,東京都,小笠原村
603,52,愛知県,あま市
604,52,愛知県,尾張旭市
605,52,愛知県,清須市
606,52,愛知県,東海市
607,52,愛知県,名古屋市
608,52,愛知県,日進市
609,52,愛知県,海部郡大治町
610,53,静岡県,湖西市
611,53,静岡県,浜松市
612,531,愛知県,田原市
613,532,愛知県,豊橋市
614,533,愛知県,蒲郡市
615,533,愛知県,豊川市
616,536,愛知県,新城市
617,536,愛知県,北設楽郡
618,537,静岡県,御前崎市
619,537,静岡県,掛川市
620,537,静岡県,菊川市
621,538,静岡県,磐田市
622,538,静岡県,袋井市
623,538,静岡県,周智郡
624,539,静岡県,磐田市
625,54,静岡県,静岡市
626,54,静岡県,藤枝市
627,54,静岡県,焼津市
628,544,静岡県,富士宮市
629,545,静岡県,富士市
630,547,静岡県,島田市
631,547,静岡県,榛原郡川根本町
632,548,静岡県,御前崎市
633,548,静岡県,菊川市
634,548,静岡県,牧之原市
635,548,静岡県,榛原郡吉田町
636,550,静岡県,御殿場市
637,550,静岡県,駿東郡小山町
638,551,山梨県,甲斐市
639,551,山梨県,韮崎市
640,551,山梨県,北杜市
641,55,山梨県,甲斐市
642,55,山梨県,甲府市
643,55,山梨県,中央市
644,55,山梨県,笛吹市
645,55,山梨県,南アルプス市
646,55,山梨県,中巨摩郡
647,55,山梨県,西八代郡市川三郷町
648,553,山梨県,甲州市
649,553,山梨県,笛吹市
650,553,山梨県,山梨市
651,554,山梨県,上野原市
652,554,山梨県,大月市
653,554,山梨県,都留市
654,554,山梨県,南都留郡道志村
655,555,山梨県,甲府市
656,555,山梨県,富士吉田市
657,555,山梨県,南都留郡
658,556,山梨県,西八代郡市川三郷町
659,556,山梨県,南巨摩郡
660,556,山梨県,南巨摩郡南部町
661,556,山梨県,南巨摩郡身延町
662,557,静岡県,熱海市
663,557,静岡県,伊豆市冷川
664,557,静岡県,伊東市
665,557,静岡県,賀茂郡東伊豆町
666,558,静岡県,伊豆市
667,558,静岡県,伊豆市
668,558,静岡県,伊豆の国市
669,558,静岡県,沼津市
670,558,静岡県,下田市
671,558,静岡県,賀茂郡
672,55,静岡県,伊豆の国市
673,55,静岡県,裾野市
674,55,静岡県,沼津市
675,55,静岡県,三島市
676,55,静岡県,駿東郡
677,55,静岡県,田方郡
678,561,愛知県,尾張旭市
679,561,愛知県,瀬戸市
680,561,愛知県,長久手市
681,561,愛知県,日進市
682,561,愛知県,みよし市
683,561,愛知県,愛知郡
684,562,愛知県,大府市
685,562,愛知県,知多市
686,562,愛知県,東海市
687,562,愛知県,豊明市
688,563,愛知県,西尾市
689,564,愛知県,岡崎市
690,564,愛知県,額田郡
691,565,愛知県,豊田市
692,566,愛知県,安城市
693,566,愛知県,刈谷市
694,566,愛知県,高浜市
695,566,愛知県,知立市
696,566,愛知県,碧南市
697,567,愛知県,愛西市
698,567,愛知県,稲沢市平和町
699,567,愛知県,津島市
700,567,愛知県,弥富市
701,567,愛知県,海部郡
702,567,三重県,（一部）
703,568,愛知県,犬山市
704,568,愛知県,春日井市
705,568,愛知県,北名古屋市
706,568,愛知県,小牧市
707,568,愛知県,西春日井郡
708,569,愛知県,知多市
709,569,愛知県,常滑市
710,569,愛知県,半田市
711,569,愛知県,知多郡
712,572,岐阜県,恵那市明智町吉良見
713,572,岐阜県,多治見市
714,572,岐阜県,土岐市
715,572,岐阜県,瑞浪市
716,573,岐阜県,恵那市
717,573,岐阜県,中津川市蛭川
718,573,岐阜県,中津川市
719,573,長野県,（一部）
720,574,岐阜県,可児市
721,574,岐阜県,美濃加茂市
722,574,岐阜県,可児郡
723,574,岐阜県,加茂郡
724,574,岐阜県,加茂郡
725,575,岐阜県,関市
726,575,岐阜県,美濃市
727,575,岐阜県,郡上市
728,576,岐阜県,下呂市
729,5769,岐阜県,高山市荘川町
730,5769,岐阜県,大野郡
731,577,岐阜県,高山市
732,577,岐阜県,飛騨市
733,578,岐阜県,高山市
734,578,岐阜県,飛騨市神岡町
735,58,岐阜県,各務原市
736,58,岐阜県,岐阜市
737,58,岐阜県,羽島市
738,58,岐阜県,本巣市
739,58,岐阜県,本巣郡
740,58,岐阜県,羽島郡
741,58,岐阜県,瑞穂市
742,581,岐阜県,関市
743,581,岐阜県,山県
744,584,岐阜県,大垣市
745,584,岐阜県,海津市
746,584,岐阜県,瑞穂市呂久
747,584,岐阜県,安八郡
748,584,岐阜県,揖斐郡池田町市橋
749,584,岐阜県,不破郡
750,584,岐阜県,養老郡
751,585,岐阜県,揖斐郡
752,586,愛知県,一宮市
753,586,愛知県,稲沢市
754,586,愛知県,岐阜県
755,587,愛知県,稲沢市
756,587,愛知県,岩倉市
757,587,愛知県,江南市
758,587,愛知県,丹羽郡
759,59,三重県,津市
760,59,三重県,鈴鹿市
761,59,三重県,四日市市
762,59,三重県,三重郡
763,594,三重県,いなべ市
764,594,三重県,桑名市
765,594,三重県,員弁郡
766,595,三重県,伊賀市
767,595,三重県,名張市
768,595,三重県,亀山市
769,596,三重県,伊勢市
770,596,三重県,多気郡明和町
771,596,三重県,度会郡
772,597,三重県,尾鷲市
773,597,三重県,北牟婁郡紀北町
774,597,三重県,熊野市
775,5979,三重県,南牟婁郡御浜町
776,598,三重県,松阪市
777,598,三重県,多気郡多気町
778,598,三重県,多気郡大台町
779,598,三重県,多気郡大紀町
780,599,三重県,鳥羽市
781,599,三重県,志摩市
782,599,三重県,度会郡南伊勢町
783,6,大阪府,池田市空港
784,6,大阪府,大阪市
785,6,大阪府,門真市
786,6,大阪府,吹田市
787,6,大阪府,摂津市
788,6,大阪府,豊中市
789,6,大阪府,東大阪市
790,6,大阪府,守口市
791,6,大阪府,八尾市
792,6,兵庫県,（一部）
793,72,大阪府,交野市
794,72,大阪府,門真市
795,72,大阪府,四條畷市
796,72,大阪府,大東市
797,72,大阪府,寝屋川市
798,72,大阪府,東大阪市
799,72,大阪府,枚方市
800,721,大阪府,河内長野市
801,721,大阪府,富田林市
802,721,大阪府,南河内郡
803,72,大阪府,大阪市
804,72,大阪府,大阪狭山市
805,72,大阪府,堺市
806,72,大阪府,高石市
807,72,大阪府,富田林市
808,72,大阪府,松原市
809,72,大阪府,泉佐野市
810,72,大阪府,貝塚市
811,72,大阪府,岸和田市
812,72,大阪府,泉南市
813,72,大阪府,阪南市
814,72,大阪府,泉南郡
815,72,大阪府,泉北郡忠岡町新浜
816,725,大阪府,和泉市
817,725,大阪府,泉大津市
818,725,大阪府,泉北郡
819,72,大阪府,茨木市
820,72,大阪府,摂津市
821,72,大阪府,高槻市
822,72,大阪府,池田市
823,72,大阪府,箕面市
824,72,大阪府,豊能郡
825,72,大阪府,兵庫県
826,72,大阪府,柏原市
827,72,大阪府,羽曳野市
828,72,大阪府,東大阪市
829,72,大阪府,藤井寺市
830,72,大阪府,八尾市
831,73,和歌山県,海南市
832,73,和歌山県,和歌山市
833,73,和歌山県,海草郡
834,735,三重県,南牟婁郡紀宝町
835,735,和歌山県,（一部）
836,735,和歌山県,東牟婁郡
837,736,和歌山県,岩出市
838,736,和歌山県,紀の川市
839,736,和歌山県,橋本市
840,736,和歌山県,伊都郡
841,737,和歌山県,有田市
842,737,和歌山県,有田郡
843,737,和歌山県,伊都郡かつらぎ町
844,738,和歌山県,御坊市
845,738,和歌山県,日高郡
846,739,和歌山県,田辺市
847,739,和歌山県,西牟婁郡
848,739,和歌山県,日高郡みなべ町
849,740,滋賀県,高島市
850,742,奈良県,奈良市
851,743,大阪府,四條畷市
852,743,京都府,（一部）
853,744,奈良県,橿原市
854,744,奈良県,桜井市
855,744,奈良県,磯城郡田原本町
856,744,奈良県,高市郡
857,745,奈良県,香芝市
858,745,奈良県,葛城市
859,745,奈良県,御所市
860,745,奈良県,大和高田市
861,745,奈良県,生駒郡
862,745,奈良県,北葛城郡
863,745,奈良県,磯城郡
864,745,奈良県,高市郡高取町
865,745,奈良県,吉野郡大淀町
866,745,奈良県,宇陀市
867,745,奈良県,宇陀郡
868,746,奈良県,吉野郡
869,746,奈良県,吉野郡十津川村
870,7468,奈良県,吉野郡
871,747,奈良県,五條市
872,747,奈良県,吉野郡野迫川村
873,747,奈良県,吉野郡
874,748,滋賀県,近江八幡市
875,748,滋賀県,東近江市
876,748,滋賀県,蒲生郡
877,748,滋賀県,甲賀市
878,748,滋賀県,湖南市
879,749,滋賀県,東近江市
880,749,滋賀県,彦根市
881,749,滋賀県,犬上郡
882,749,滋賀県,愛知郡
883,749,滋賀県,長浜市
884,749,滋賀県,米原市
885,75,大阪府,三島郡
886,75,京都府,（一部）
887,761,石川県,小松市
888,761,石川県,能美市
889,761,石川県,加賀市
890,76,石川県,金沢市
891,76,石川県,かほく市
892,76,石川県,野々市市
893,76,石川県,白山市
894,76,石川県,河北郡
895,76,石川県,能美郡
896,763,富山県,砺波市
897,763,富山県,南砺市
898,76,富山県,富山市
899,76,富山県,滑川市
900,76,富山県,中新川郡
901,765,富山県,魚津市
902,765,富山県,黒部市
903,765,富山県,下新川郡
904,766,富山県,射水市
905,766,富山県,小矢部市
906,766,富山県,高岡市
907,766,富山県,氷見市
908,767,石川県,七尾市
909,767,石川県,鹿島郡
910,767,石川県,羽咋市
911,767,石川県,羽咋郡
912,768,石川県,輪島市
913,768,石川県,鳳珠郡穴水町
914,768,石川県,珠洲市
915,768,石川県,鳳珠郡能登町
916,770,福井県,敦賀市
917,770,福井県,三方郡
918,770,福井県,三方上中郡若狭町
919,770,福井県,小浜市
920,770,福井県,大飯郡
921,770,福井県,三方上中郡若狭町
922,771,京都府,亀岡市
923,771,京都府,南丹市八木町
924,771,京都府,京都市右京区京北室谷町
925,771,京都府,南丹市
926,771,京都府,船井郡
927,772,京都府,宮津市
928,772,京都府,与謝郡
929,772,京都府,京丹後市
930,773,京都府,綾部市
931,773,京都府,福知山市
932,773,京都府,舞鶴市
933,774,京都府,宇治市
934,774,京都府,木津川市
935,774,京都府,京田辺市
936,774,京都府,城陽市
937,774,京都府,久世郡久御山町
938,774,京都府,相楽郡綴喜郡
939,774,京都府,綴喜郡
940,77,京都府,京都市伏見区醍醐
941,77,京都府,滋賀県
942,776,福井県,あわら市
943,776,福井県,坂井市
944,776,福井県,福井市
945,776,福井県,吉田郡
946,778,福井県,越前市
947,778,福井県,鯖江市
948,778,福井県,今立郡
949,778,福井県,南条郡
950,778,福井県,丹生郡
951,779,福井県,大野市
952,779,福井県,勝山市
953,78,兵庫県,明石市
954,78,兵庫県,加古川市平岡町土山
955,78,兵庫県,神戸市
956,78,兵庫県,西宮市
957,78,兵庫県,加古郡播磨町
958,790,兵庫県,宍粟市
959,790,兵庫県,姫路市安富町
960,790,兵庫県,佐用郡
961,790,兵庫県,加西市
962,790,兵庫県,神崎郡
963,791,兵庫県,たつの市
964,791,兵庫県,相生市
965,791,兵庫県,赤穂市
966,791,兵庫県,たつの市新宮町角亀
967,791,兵庫県,赤穂郡
968,79,兵庫県,高砂市
969,79,兵庫県,たつの市御津町
970,79,兵庫県,姫路市
971,79,兵庫県,揖保郡
972,79,兵庫県,加古川市
973,79,兵庫県,高砂市
974,79,兵庫県,加古郡
975,794,兵庫県,小野市
976,794,兵庫県,三木市
977,795,兵庫県,加東市
978,795,兵庫県,西脇市
979,795,兵庫県,多可郡
980,79,兵庫県,三田市
981,79,兵庫県,篠山市
982,795,兵庫県,丹波市
983,796,兵庫県,豊岡市
984,796,兵庫県,美方郡香美町香住区
985,796,兵庫県,美方郡
986,79,兵庫県,朝来市
987,79,兵庫県,養父市
988,797,兵庫県,芦屋市
989,797,兵庫県,宝塚市
990,797,兵庫県,西宮市
991,798,兵庫県,宝塚市
992,798,兵庫県,西宮市
993,799,兵庫県,洲本市
994,799,兵庫県,南あわじ市
995,799,兵庫県,淡路市
996,82,広島県,広島市
997,82,広島県,安芸郡
998,820,山口県,光市
999,820,山口県,柳井市
1000,820,山口県,熊毛郡
1001,820,山口県,大島郡
1002,823,広島県,江田島市
1003,823,広島県,呉市
1004,823,広島県,東広島市
1005,824,広島県,三次市
1006,82,広島県,東広島市
1007,824,広島県,庄原市
1008,826,広島県,山県
1009,826,広島県,安芸高田市
1010,826,広島県,山県
1011,827,広島県,大竹市
1012,827,広島県,山口県
1013,829,広島県,廿日市市
1014,829,広島県,広島市佐伯区
1015,83,山口県,下関市
1016,833,山口県,下松市
1017,833,山口県,光市
1018,833,山口県,周南市
1019,834,山口県,周南市
1020,835,山口県,防府市
1021,835,山口県,山口市
1022,836,山口県,宇部市
1023,836,山口県,山陽小野田市
1024,836,山口県,山口市阿知須
1025,837,山口県,長門市
1026,837,山口県,美祢市
1027,838,山口県,萩市
1028,8387,山口県,萩市
1029,8388,山口県,萩市
1030,8388,山口県,阿武郡
1031,83,山口県,山口市
1032,8396,山口県,美祢市美東町
1033,845,広島県,尾道市
1034,846,広島県,竹原市
1035,846,広島県,東広島市安芸津町
1036,846,広島県,豊田郡
1037,847,広島県,福山市新市町
1038,847,広島県,府中市
1039,847,広島県,三次市甲奴町
1040,847,広島県,三原市
1041,847,広島県,世羅郡
1042,8477,広島県,庄原市東城町
1043,847,広島県,神石郡
1044,848,広島県,尾道市
1045,848,広島県,三原市
1046,84,広島県,福山市
1047,84,広島県,福山市
1048,8512,島根県,隠岐郡隠岐の島町
1049,8514,島根県,隠岐郡
1050,852,島根県,松江市
1051,853,島根県,出雲市
1052,854,島根県,安来市
1053,854,島根県,雲南市
1054,854,島根県,仁多郡
1055,854,島根県,雲南市
1056,854,島根県,飯石郡
1057,854,島根県,大田市
1058,855,島根県,浜田市
1059,855,島根県,大田市温泉津町
1060,855,島根県,江津市
1061,855,島根県,大田市川合町
1062,855,島根県,江津市桜江町
1063,855,島根県,邑智郡
1064,856,島根県,益田市
1065,856,島根県,鹿足郡
1066,857,鳥取県,鳥取市
1067,857,鳥取県,岩美郡
1068,858,鳥取県,鳥取市
1069,858,鳥取県,八頭郡
1070,858,鳥取県,倉吉市
1071,858,鳥取県,西伯郡大山町
1072,858,鳥取県,東伯郡
1073,859,鳥取県,境港市
1074,859,鳥取県,米子市
1075,859,鳥取県,西伯郡
1076,859,鳥取県,日野郡
1077,86,岡山県,岡山市南区倉敷市
1078,86,岡山県,都窪郡
1079,86,岡山県,倉敷市
1080,86,岡山県,赤磐市
1081,86,岡山県,岡山市
1082,86,岡山県,瀬戸内市邑久町
1083,86,岡山県,久米郡久米南町
1084,863,岡山県,玉野市
1085,865,岡山県,浅口市
1086,865,岡山県,笠岡市
1087,865,岡山県,浅口郡
1088,866,岡山県,高梁市
1089,866,岡山県,真庭市
1090,866,岡山県,加賀郡吉備中央町
1091,866,岡山県,井原市
1092,866,岡山県,小田郡
1093,866,岡山県,総社市
1094,867,岡山県,新見市
1095,867,岡山県,真庭市
1096,867,岡山県,苫田郡鏡野町
1097,867,岡山県,真庭郡
1098,867,岡山県,加賀郡吉備中央町
1099,867,岡山県,久米郡美咲町
1100,868,岡山県,津山市
1101,868,岡山県,勝田郡
1102,868,岡山県,久米郡美咲町
1103,868,岡山県,苫田郡鏡野町
1104,868,岡山県,美作市
1105,868,岡山県,英田郡
1106,869,岡山県,瀬戸内市長船町長船
1107,869,岡山県,備前市
1108,869,岡山県,和気郡
1109,869,岡山県,瀬戸内市
1110,86,岡山県,赤磐市
1111,86,岡山県,久米郡美咲町
1112,875,香川県,観音寺市
1113,875,香川県,三豊市
1114,877,香川県,坂出市
1115,877,香川県,善通寺市
1116,877,香川県,丸亀市
1117,877,香川県,綾歌郡宇多津町
1118,877,香川県,仲多度郡
1119,87,香川県,さぬき市
1120,87,香川県,高松市
1121,87,香川県,綾歌郡綾川町
1122,87,香川県,香川郡
1123,87,香川県,木田郡
1124,879,香川県,さぬき市
1125,879,香川県,東かがわ市
1126,879,香川県,小豆郡
1127,880,高知県,四万十市
1128,880,高知県,幡多郡
1129,880,高知県,宿毛市
1130,880,高知県,幡多郡
1131,880,高知県,高岡郡
1132,880,高知県,土佐清水市
1133,883,徳島県,阿波市
1134,883,徳島県,吉野川市
1135,883,徳島県,美馬市
1136,883,徳島県,美馬郡
1137,883,徳島県,三好市
1138,883,徳島県,三好郡
1139,884,徳島県,阿南市
1140,884,徳島県,那賀郡
1141,884,徳島県,海部郡
1142,885,徳島県,小松島市
1143,885,徳島県,勝浦郡
1144,88,徳島県,阿波市
1145,88,徳島県,鳴門市
1146,88,徳島県,板野郡
1147,88,徳島県,名西郡
1148,88,徳島県,名東郡
1149,887,高知県,土佐郡
1150,887,高知県,長岡郡
1151,887,高知県,高知県
1152,887,高知県,安芸市
1153,887,高知県,安芸群
1154,887,高知県,室戸市
1155,887,高知県,安芸群
1156,887,高知県,香美市
1157,887,高知県,香南市
1158,887,高知県,長岡郡
1159,88,高知県,高知市
1160,88,高知県,須崎市
1161,889,高知県,吾川群
1162,889,高知県,高岡郡
1163,889,高知県,須崎市
1164,889,高知県,高岡郡
1165,892,愛媛県,上浮穴郡
1166,892,愛媛県,喜多郡
1167,893,愛媛県,大洲市
1168,893,愛媛県,喜多郡
1169,894,愛媛県,西予市
1170,894,愛媛県,八幡浜市
1171,894,愛媛県,西宇和郡
1172,894,愛媛県,西予市
1173,895,愛媛県,宇和島市
1174,895,愛媛県,北宇和郡
1175,895,愛媛県,南宇和郡
1176,896,愛媛県,四国中央市
1177,896,香川県,観音寺市
1178,897,愛媛県,今治市
1179,897,愛媛県,越智郡
1180,897,愛媛県,西条市
1181,897,愛媛県,新居浜市
1182,898,愛媛県,今治市
1183,89,愛媛県,伊予市
1184,89,愛媛県,東温市
1185,89,愛媛県,松山市
1186,89,愛媛県,伊予郡
1187,92,福岡県,糸島市
1188,92,福岡県,大野城市
1189,92,福岡県,春日市
1190,92,福岡県,古賀市
1191,92,福岡県,太宰府市
1192,92,福岡県,筑紫野市
1193,92,福岡県,那珂川市
1194,92,福岡県,福岡市
1195,92,福岡県,糟屋郡
1196,920,長崎県,壱岐市
1197,920,長崎県,対馬市
1198,920,長崎県,対馬市
1199,93,福岡県,北九州市
1200,93,福岡県,中間市
1201,93,福岡県,遠賀郡
1202,93,福岡県,京都郡
1203,930,福岡県,行橋市
1204,930,福岡県,京都郡
1205,930,福岡県,築上群
1206,940,福岡県,福津市
1207,940,福岡県,宗像市
1208,942,佐賀県,鳥栖市
1209,942,佐賀県,三養基群
1210,942,福岡県,小郡市
1211,942,福岡県,久留米市
1212,942,福岡県,筑後市
1213,942,福岡県,みやま市
1214,942,福岡県,三井郡
1215,942,福岡県,八女郡
1216,943,福岡県,八女市
1217,943,福岡県,八女郡
1218,943,福岡県,うきは市
1219,943,福岡県,久留米市田主丸町
1220,944,熊本県,荒尾市
1221,944,福岡県,大川市
1222,944,福岡県,大牟田市
1223,944,福岡県,筑後市
1224,944,福岡県,みやま市
1225,944,福岡県,柳川市
1226,944,福岡県,三潴郡
1227,946,福岡県,朝倉市
1228,946,福岡県,朝倉郡
1229,947,福岡県,田川市
1230,947,福岡県,田川郡
1231,948,福岡県,飯塚市
1232,949,福岡県,直方市
1233,949,福岡県,宮若市
1234,949,福岡県,鞍手郡
1235,9496,福岡県,飯塚市
1236,9496,福岡県,鞍手郡
1237,950,長崎県,平戸市
1238,952,佐賀県,小城市
1239,952,佐賀県,神埼市
1240,952,佐賀県,佐賀市
1241,952,佐賀県,多久市
1242,952,佐賀県,神埼郡
1243,952,佐賀県,杵島郡
1244,952,佐賀県,三養基群
1245,954,佐賀県,嬉野市
1246,954,佐賀県,武雄市
1247,954,佐賀県,嬉野市
1248,954,佐賀県,鹿島市
1249,954,佐賀県,杵島郡
1250,954,佐賀県,藤津群
1251,955,佐賀県,唐津市
1252,955,佐賀県,東松浦郡
1253,955,佐賀県,伊万里市
1254,955,佐賀県,西松浦郡
1255,955,長崎県,松浦市
1256,956,長崎県,佐世保市
1257,956,長崎県,松浦市
1258,956,長崎県,北松浦群
1259,956,長崎県,東彼杵郡
1260,957,長崎県,諫早市
1261,957,長崎県,雲仙市
1262,957,長崎県,大村市
1263,957,長崎県,東彼杵郡
1264,957,長崎県,雲仙市
1265,957,長崎県,南島原市
1266,95,長崎県,長崎市
1267,95,長崎県,西彼杵郡
1268,959,長崎県,西海市
1269,959,長崎県,長崎市
1270,959,長崎県,五島市
1271,959,長崎県,佐世保市
1272,959,長崎県,北松浦群
1273,959,長崎県,南松浦群
1274,96,熊本県,熊本市
1275,96,熊本県,合志市
1276,96,熊本県,阿蘇郡
1277,96,熊本県,上益城郡
1278,96,熊本県,菊池郡
1279,964,熊本県,宇城市
1280,964,熊本県,宇土市
1281,964,熊本県,上天草市
1282,964,熊本県,熊本市
1283,964,熊本県,下益城郡
1284,964,熊本県,八代郡
1285,965,熊本県,八代市
1286,965,熊本県,八代郡
1287,966,熊本県,人吉市
1288,966,熊本県,球磨郡
1289,966,熊本県,水俣市
1290,966,熊本県,葦北郡
1291,967,熊本県,阿蘇市
1292,967,熊本県,阿蘇郡
1293,967,熊本県,上益城郡
1294,967,熊本県,阿蘇郡
1295,968,熊本県,菊池市
1296,968,熊本県,山鹿市
1297,968,熊本県,玉名郡
1298,968,熊本県,荒尾市
1299,968,熊本県,玉名市
1300,968,熊本県,玉名群
1301,969,熊本県,天草市
1302,969,熊本県,上天草市
1303,969,熊本県,天草郡
1304,972,大分県,佐伯市
1305,972,大分県,臼杵市
1306,972,大分県,津久見市
1307,973,大分県,日田市
1308,973,大分県,玖珠群
1309,974,大分県,臼杵市
1310,974,大分県,豊後大野市
1311,974,大分県,竹田市
1312,974,大分県,豊後大野市
1313,97,大分県,大分市
1314,97,大分県,豊後大野市
1315,97,大分県,由布市
1316,977,大分県,杵築市
1317,977,大分県,別府市
1318,977,大分県,由布市
1319,977,大分県,速見郡
1320,978,大分県,国東市
1321,978,大分県,東国東群
1322,978,大分県,宇佐市
1323,978,大分県,杵築市
1324,978,大分県,豊後高田市
1325,978,大分県,杵築市
1326,978,大分県,国東市
1327,979,大分県,中津市
1328,979,福岡県,豊前市
1329,979,福岡県,築上郡
1330,98,沖縄県,糸満市
1331,98,沖縄県,浦添市
1332,98,沖縄県,うるま市
1333,98,沖縄県,沖縄市
1334,98,沖縄県,宜野湾市
1335,98,沖縄県,豊見城市
1336,98,沖縄県,那覇市
1337,98,沖縄県,南城市
1338,98,沖縄県,国頭群
1339,98,沖縄県,島尻郡
1340,98,沖縄県,中頭群
1341,980,沖縄県,名護市
1342,980,沖縄県,国頭郡
1343,980,沖縄県,島尻郡
1344,9802,沖縄県,島尻郡
1345,980,沖縄県,宮古島市
1346,980,沖縄県,宮古郡
1347,980,沖縄県,石垣市
1348,980,沖縄県,八重山郡
1349,982,宮崎県,延岡市
1350,982,宮崎県,児湯郡
1351,982,宮崎県,日向市
1352,982,宮崎県,東臼杵郡
1353,982,宮崎県,西臼杵郡
1354,983,宮崎県,西都市
1355,983,宮崎県,児湯郡
1356,983,宮崎県,東臼杵群
1357,984,宮崎県,えびの市
1358,984,宮崎県,小林市
1359,984,宮崎県,西諸県郡
1360,985,宮崎県,西都市
1361,985,宮崎県,宮崎市
1362,985,宮崎県,東諸県郡
1363,986,鹿児島県,曽於市
1364,986,宮崎県,都城市
1365,986,宮崎県,北諸県郡
1366,987,宮崎県,串間市
1367,987,宮崎県,日南市
1368,9912,鹿児島県,鹿児島郡
1369,9913,鹿児島県,鹿児島郡
1370,99,鹿児島県,鹿児島市
1371,99,鹿児島県,日置市
1372,993,鹿児島県,指宿市
1373,993,鹿児島県,南九州市
1374,993,鹿児島県,枕崎市
1375,993,鹿児島県,南九州市
1376,993,鹿児島県,南さつま市
1377,99,鹿児島県,鹿屋市
1378,99,鹿児島県,志布志市
1379,99,鹿児島県,曽於市
1380,99,鹿児島県,曽於郡
1381,994,鹿児島県,鹿屋市
1382,994,鹿児島県,垂水市
1383,994,鹿児島県,肝属郡
1384,994,鹿児島県,肝属郡
1385,995,鹿児島県,姶良市
1386,995,鹿児島県,霧島市
1387,995,鹿児島県,姶良郡
1388,995,鹿児島県,伊佐市
1389,996,鹿児島県,阿久根市
1390,996,鹿児島県,出水市
1391,996,鹿児島県,出水郡
1392,996,鹿児島県,いちき串木野市
1393,996,鹿児島県,薩摩川内市
1394,996,鹿児島県,薩摩郡
1395,9969,鹿児島県,薩摩川内市
1396,997,鹿児島県,奄美市
1397,997,鹿児島県,大島群
1398,997,鹿児島県,大島群
1399,997,鹿児島県,西之表市
1400,997,鹿児島県,熊毛郡
1401,997,鹿児島県,熊毛郡
1402,997,鹿児島県,大島郡